"","95 % C.I.lower","   95 % C.I.upper"
"(Intercept)",33.4504995732661,41.119752761418
"x",-6.48630823741826,-4.20263490802709
